185.69.153.72,CVE-2016-7262 from Kyrgyzstan
104.144.207.207,Cobalt Group Gaffe Reveals All Targets in Attack on Financial Institutions
138.68.234.128,Cobalt Group Gaffe Reveals All Targets in Attack on Financial Institutions
104.237.233.38,A dive into MuddyWater APT targeting Middle-East
148.251.204.131,A dive into MuddyWater APT targeting Middle-East
78.129.139.134,A dive into MuddyWater APT targeting Middle-East
78.129.139.147,A dive into MuddyWater APT targeting Middle-East
88.99.17.148,A dive into MuddyWater APT targeting Middle-East
115.68.49.179,UBoatRAT Navigates East Asia
115.68.49.180,UBoatRAT Navigates East Asia
115.68.52.66,UBoatRAT Navigates East Asia
122.147.187.173,UBoatRAT Navigates East Asia
124.150.140.131,UBoatRAT Navigates East Asia
60.248.190.36,UBoatRAT Navigates East Asia
80.211.173.20,A New Mirai Variant is Spreading Quickly on Port 23 and 2323
93.115.38.178,The New and Improved macOS Backdoor from OceanLotus
106.187.38.21,Muddying the Water: Targeted Attacks in the Middle East
138.201.75.227,Muddying the Water: Targeted Attacks in the Middle East
144.76.109.88,Muddying the Water: Targeted Attacks in the Middle East
148.251.204.131,Muddying the Water: Targeted Attacks in the Middle East
151.80.14.194,Recent InPage Exploits Lead to Multiple Malware Families
185.121.177.177,CHTHONIC and DIMNIE Campaign Targets Russia
103.208.86.92,CHTHONIC and DIMNIE Campaign Targets Russia
194.67.211.202,Fake Flash Player Update Linked to Watering Hole Attack on Popular News Site
89.26.243.21,Fake Flash Player Update Linked to Watering Hole Attack on Popular News Site
89.26.243.22,Fake Flash Player Update Linked to Watering Hole Attack on Popular News Site
47.89.250.152,Locky ransomware adds anti sandbox feature
185.10.58.170,Sofacys Komplex OS X Trojan
169.255.137.203,Introducing WhiteBear
217.171.86.137,Introducing WhiteBear
66.178.107.140,Introducing WhiteBear
169.255.137.203,Gazing at Gazer - Turlas new second stage backdoor
217.171.86.137,Gazing at Gazer - Turlas new second stage backdoor
185.162.235.121,Recent ISMAgent Samples and Infrastructure by Iranian Threat Group GreenBug
74.91.19.122,Recent ISMAgent Samples and Infrastructure by Iranian Threat Group GreenBug
27.255.83.3,Operation RAT Cook: Chinese APT actors use fake Game of Thrones leaks as lures
103.240.140.152,SSHPsychos
162.218.112.7,SSHPsychos
169.254.61.191,OPERATION QUANTUM ENTANGLEMENT
169.254.163.19,OPERATION QUANTUM ENTANGLEMENT
47.88.52.220,Ukranian Accounting Software Site Delivering Malware
46.20.33.219,Ukranian Accounting Software Site Delivering Malware
203.248.116.182,Paranoid PlugX
138.201.44.3,Footprints of Fin7
198.100.119.6,Footprints of Fin7
5.149.250.235,Footprints of Fin7
91.214.70.69,Malicious Scanbox Host
138.68.242.68,Further Gaza Cybergang Activity
165.194.123.67,Backdoor.Rifelku
119.28.78.131,Gryphon Ransomware
104.223.89.174,Dreambot post infection traffic
37.1.202.26,Karagany.B
37.1.219.31,Karagany.B
5.61.39.179,Karagany.B
45.125.12.147,It’s Parliamentary: KeyBoy and the targeting of the Tibetan Community
116.193.154.69,It’s Parliamentary: KeyBoy and the targeting of the Tibetan Community
103.242.134.243,It’s Parliamentary: KeyBoy and the targeting of the Tibetan Community
103.40.102.233,It’s Parliamentary: KeyBoy and the targeting of the Tibetan Community
112.10.117.47,It’s Parliamentary: KeyBoy and the targeting of the Tibetan Community
164.132.50.32,Recent Emotet Malware
173.212.192.45,Recent Emotet Malware
178.62.175.211,Recent Emotet Malware
178.79.132.214,Recent Emotet Malware
192.81.212.79,Recent Emotet Malware
74.208.17.10,Recent Emotet Malware
93.180.157.92,Recent Emotet Malware
158.69.199.223,Recent Emotet Malware
176.119.28.74,"MARCHER GETS CLOSE TO USERS BY TARGETING MOBILE BANKING, ANDROID APPS, SOCIAL MEDIA, AND EMAIL"
107.170.240.244,Microsoft Office OLE2Link vulnerability samples - a quick triage
212.86.115.71,Microsoft Office OLE2Link vulnerability samples - a quick triage
46.102.152.129,Microsoft Office OLE2Link vulnerability samples - a quick triage
95.141.38.110,Microsoft Office OLE2Link vulnerability samples - a quick triage
95.46.99.199,Microsoft Office OLE2Link vulnerability samples - a quick triage
101.165.141.2,Dridex Malspam
107.170.0.14,Dridex Malspam
109.170.219.19,Dridex Malspam
117.120.7.82,Dridex Malspam
174.104.208.57,Dridex Malspam
175.32.140.13,Dridex Malspam
179.108.87.11,Dridex Malspam
213.214.50.60,Dridex Malspam
23.95.23.219,Dridex Malspam
37.120.172.171,Dridex Malspam
66.214.155.189,Dridex Malspam
8.8.247.36,Dridex Malspam
86.3.169.110,Dridex Malspam
86.4.149.217,Dridex Malspam
88.177.240.182,Dridex Malspam
90.219.218.80,Dridex Malspam
95.145.161.76,Dridex Malspam
122.10.91.133,Recent PlugX Samples
118.193.225.133,Flying Dragon Eye: Uyghur Themed Threat Activity
118.193.240.195,Flying Dragon Eye: Uyghur Themed Threat Activity
59.188.83.144,Flying Dragon Eye: Uyghur Themed Threat Activity
118.193.240.218,Flying Dragon Eye: Uyghur Themed Threat Activity
210.209.118.87,Flying Dragon Eye: Uyghur Themed Threat Activity
212.47.254.187,A Mole exposing itself to sunlight
80.78.251.138,Rurktar Backdoor
80.78.251.148,Rurktar Backdoor
46.148.18.122,LuaBot: Malware targeting cable modems
80.87.205.92,LuaBot: Malware targeting cable modems
193.169.252.102,MajikPOS Combines PoS Malware and RATs to Pull Off its Malicious Tricks
198.100.119.6,Similarities Between Carbanak and FIN7 Malware Suggest Actors Are Closely Related
198.100.119.7,Similarities Between Carbanak and FIN7 Malware Suggest Actors Are Closely Related
204.155.31.167,Similarities Between Carbanak and FIN7 Malware Suggest Actors Are Closely Related
204.155.31.174,Similarities Between Carbanak and FIN7 Malware Suggest Actors Are Closely Related
31.148.219.141,Similarities Between Carbanak and FIN7 Malware Suggest Actors Are Closely Related
198.100.119.6,FIN7 Evolution and the Phishing LNK
179.108.87.11,Dridex Campaigns Hitting Millions of Recipients Using Unpatched Microsoft Zero-Day
185.25.184.214,Dridex Campaigns Hitting Millions of Recipients Using Unpatched Microsoft Zero-Day
185.44.105.92,Dridex Campaigns Hitting Millions of Recipients Using Unpatched Microsoft Zero-Day
23.95.23.219,Dridex Campaigns Hitting Millions of Recipients Using Unpatched Microsoft Zero-Day
63.141.250.167,Dridex Campaigns Hitting Millions of Recipients Using Unpatched Microsoft Zero-Day
64.79.205.100,Dridex Campaigns Hitting Millions of Recipients Using Unpatched Microsoft Zero-Day
83.229.87.11,Snake: Coming soon in Mac OS X flavour
138.201.44.30,EPS Processing Zero-Days Exploited by Multiple Threat Actors
185.106.122.113,EPS Processing Zero-Days Exploited by Multiple Threat Actors
84.200.2.12,EPS Processing Zero-Days Exploited by Multiple Threat Actors
86.110.117.207,DiamondFox modular malware – a one-stop shop
50.6.118.27,Operation Electric Powder – Who is targeting Israel Electric Company?
82.211.30.186,Operation Electric Powder – Who is targeting Israel Electric Company?
178.175.138.196,Spear Phishing attacks hits industrial companies
138.201.7.140,"Iranian threat agent OilRig delivers digitally signed malware, impersonate University of Oxford"
136.243.203.174,"Iranian threat agent OilRig delivers digitally signed malware, impersonate University of Oxford"
192.99.102.35,"Iranian threat agent OilRig delivers digitally signed malware, impersonate University of Oxford"
85.117.204.18,"Iranian threat agent OilRig delivers digitally signed malware, impersonate University of Oxford"
178.33.94.47,"Iranian threat agent OilRig delivers digitally signed malware, impersonate University of Oxford"
158.69.57.61,"Iranian threat agent OilRig delivers digitally signed malware, impersonate University of Oxford"
136.243.214.247,"Iranian threat agent OilRig delivers digitally signed malware, impersonate University of Oxford"
136.243.203.141,"Iranian threat agent OilRig delivers digitally signed malware, impersonate University of Oxford"
31.3.225.55,"Iranian threat agent OilRig delivers digitally signed malware, impersonate University of Oxford"
83.142.230.138,"Iranian threat agent OilRig delivers digitally signed malware, impersonate University of Oxford"
149.202.230.140,"Iranian threat agent OilRig delivers digitally signed malware, impersonate University of Oxford"
62.138.9.9,Ursnif Banking Trojan Campaign Ups the Ante with New Sandbox Evasion Techniques
62.138.9.11,Ursnif Banking Trojan Campaign Ups the Ante with New Sandbox Evasion Techniques
62.75.195.117,Ursnif Banking Trojan Campaign Ups the Ante with New Sandbox Evasion Techniques
109.236.87.82,Ursnif Banking Trojan Campaign Ups the Ante with New Sandbox Evasion Techniques
69.64.77.51,Talos ShadowGate Take Down: Global Malvertising Campaign Thwarted
74.208.193.2,Talos ShadowGate Take Down: Global Malvertising Campaign Thwarted
138.201.210.182,Talos ShadowGate Take Down: Global Malvertising Campaign Thwarted
74.63.219.5,Talos ShadowGate Take Down: Global Malvertising Campaign Thwarted
69.175.20.4,Talos ShadowGate Take Down: Global Malvertising Campaign Thwarted
74.208.213.215,Talos ShadowGate Take Down: Global Malvertising Campaign Thwarted
69.175.20.3,Talos ShadowGate Take Down: Global Malvertising Campaign Thwarted
188.138.70.8,Talos ShadowGate Take Down: Global Malvertising Campaign Thwarted
92.222.122.55,Talos ShadowGate Take Down: Global Malvertising Campaign Thwarted
107.6.177.5,Talos ShadowGate Take Down: Global Malvertising Campaign Thwarted
137.74.148.228,Talos ShadowGate Take Down: Global Malvertising Campaign Thwarted
92.222.122.54,Talos ShadowGate Take Down: Global Malvertising Campaign Thwarted
172.86.179.110,Talos ShadowGate Take Down: Global Malvertising Campaign Thwarted
74.208.234.59,Talos ShadowGate Take Down: Global Malvertising Campaign Thwarted
74.208.99.205,Talos ShadowGate Take Down: Global Malvertising Campaign Thwarted
185.49.68.151,Talos ShadowGate Take Down: Global Malvertising Campaign Thwarted
108.175.8.33,Talos ShadowGate Take Down: Global Malvertising Campaign Thwarted
74.208.99.201,Talos ShadowGate Take Down: Global Malvertising Campaign Thwarted
74.208.78.150,Talos ShadowGate Take Down: Global Malvertising Campaign Thwarted
85.25.237.52,Talos ShadowGate Take Down: Global Malvertising Campaign Thwarted
51.254.30.226,Talos ShadowGate Take Down: Global Malvertising Campaign Thwarted
51.254.30.225,Talos ShadowGate Take Down: Global Malvertising Campaign Thwarted
74.208.193.19,Talos ShadowGate Take Down: Global Malvertising Campaign Thwarted
108.175.12.108,Talos ShadowGate Take Down: Global Malvertising Campaign Thwarted
198.71.51.101,Talos ShadowGate Take Down: Global Malvertising Campaign Thwarted
185.140.33.81,Talos ShadowGate Take Down: Global Malvertising Campaign Thwarted
176.31.151.177,Talos ShadowGate Take Down: Global Malvertising Campaign Thwarted
176.31.151.176,Talos ShadowGate Take Down: Global Malvertising Campaign Thwarted
5.196.208.235,Talos ShadowGate Take Down: Global Malvertising Campaign Thwarted
46.105.81.161,Talos ShadowGate Take Down: Global Malvertising Campaign Thwarted
85.93.93.161,Talos ShadowGate Take Down: Global Malvertising Campaign Thwarted
63.143.53.134,Talos ShadowGate Take Down: Global Malvertising Campaign Thwarted
69.175.7.219,Talos ShadowGate Take Down: Global Malvertising Campaign Thwarted
74.208.77.4,Talos ShadowGate Take Down: Global Malvertising Campaign Thwarted
209.126.118.6,Talos ShadowGate Take Down: Global Malvertising Campaign Thwarted
91.92.136.20,MONSOON APT campaign activity 7-6-2017
184.154.150.66,Attack on Critical Infrastructure Leverages Template Injection
5.153.58.45,Attack on Critical Infrastructure Leverages Template Injection
62.8.193.206,Attack on Critical Infrastructure Leverages Template Injection
78.47.96.17,New version of Hworm being used within multiple attacks
136.243.104.200,New version of Hworm being used within multiple attacks
52.42.161.75,New version of Hworm being used within multiple attacks
81.130.131.55,"Dridex Banking Trojan Returns, Leverages New UAC Bypass Method"
179.177.114.30,"Dridex Banking Trojan Returns, Leverages New UAC Bypass Method"
84.234.75.108,"Dridex Banking Trojan Returns, Leverages New UAC Bypass Method"
193.238.152.198,From RTF to Cobalt Strike passing via Flash
108.61.117.31,Deep Dive On The DragonOK Rambo Backdoor
116.193.154.28,Spear Phishing Techniques Used in Attacks Targeting the Mongolian Government
192.225.226.195,Trochilus and New MoonWind RATs Used In Attack Against Thai Organizations
160.16.243.129,Winnti Abuses GitHub for CC Communications
174.139.203.18,Winnti Abuses GitHub for CC Communications
174.139.203.20,Winnti Abuses GitHub for CC Communications
174.139.203.22,Winnti Abuses GitHub for CC Communications
174.139.203.27,Winnti Abuses GitHub for CC Communications
174.139.203.34,Winnti Abuses GitHub for CC Communications
174.139.62.58,Winnti Abuses GitHub for CC Communications
174.139.62.60,Winnti Abuses GitHub for CC Communications
174.139.62.61,Winnti Abuses GitHub for CC Communications
61.195.98.245,Winnti Abuses GitHub for CC Communications
67.198.161.250,Winnti Abuses GitHub for CC Communications
67.198.161.251,Winnti Abuses GitHub for CC Communications
67.198.161.252,Winnti Abuses GitHub for CC Communications
210.244.79.219,Msposer.C Samples
185.159.82.11,Nemucod Evolves Delivery and Obfuscation Techniques to Harvest Credentials
122.9.52.215,APT Targets Financial Analysts with CVE-2017-0199
185.82.202.102,Two Years of Pawn Storm
193.169.244.35,Two Years of Pawn Storm
46.166.162.90,Two Years of Pawn Storm
46.183.217.74,Two Years of Pawn Storm
80.255.3.94,Two Years of Pawn Storm
87.121.52.145,Two Years of Pawn Storm
144.76.108.61,DressCode Android Malware Finds Apparent Successor in MilkyDoor
89.46.102.43,Callisto Group
185.77.129.103,CVE-2017-0199 Used as Zero Day to Distribute FINSPY Espionage Malware and LATENTBOT Cyber Crime Malware
217.12.203.90,CVE-2017-0199 Used as Zero Day to Distribute FINSPY Espionage Malware and LATENTBOT Cyber Crime Malware
95.141.38.110,CVE-2017-0199 Used as Zero Day to Distribute FINSPY Espionage Malware and LATENTBOT Cyber Crime Malware
217.12.203.100,CVE-2017-0199: In the Wild Attacks Leveraging HTA Handler
46.102.152.129,CVE-2017-0199: In the Wild Attacks Leveraging HTA Handler
95.141.38.110,CVE-2017-0199: In the Wild Attacks Leveraging HTA Handler
103.43.18.105,Playing Cat &amp; Mouse: Introducing the Felismus Malware
45.76.128.71,Shamoon 2 Delivering Disttrack
103.249.31.49,Conference Invite used as a Lure by Operation Lotus Blossom Actors
74.200.214.226,CNACOM - Open Source Exploitation via Strategic Web Compromise
104.171.117.216,Sednit Downloader DOWNDELPH
141.255.160.52,Sednit Downloader DOWNDELPH
69.90.132.215,Fancy Bear Tracking of Ukrainian Field Artillery Units
5.200.52.198,When A Pony Walks Out Of A Pub
195.22.127.233,When A Pony Walks Out Of A Pub
192.169.136.121,URI TERROR ATTACK &amp; KASHMIR PROTEST THEMED SPEAR PHISHING EMAILS TARGETING INDIAN EMBASSIES AND MINISTRY OF EXTERNAL AFFAIRS
203.31.216.214,URI TERROR ATTACK &amp; KASHMIR PROTEST THEMED SPEAR PHISHING EMAILS TARGETING INDIAN EMBASSIES AND MINISTRY OF EXTERNAL AFFAIRS
45.42.243.20,URI TERROR ATTACK &amp; KASHMIR PROTEST THEMED SPEAR PHISHING EMAILS TARGETING INDIAN EMBASSIES AND MINISTRY OF EXTERNAL AFFAIRS
39.40.44.245,URI TERROR ATTACK &amp; KASHMIR PROTEST THEMED SPEAR PHISHING EMAILS TARGETING INDIAN EMBASSIES AND MINISTRY OF EXTERNAL AFFAIRS
175.107.13.215,URI TERROR ATTACK &amp; KASHMIR PROTEST THEMED SPEAR PHISHING EMAILS TARGETING INDIAN EMBASSIES AND MINISTRY OF EXTERNAL AFFAIRS
155.254.225.24,URI TERROR ATTACK &amp; KASHMIR PROTEST THEMED SPEAR PHISHING EMAILS TARGETING INDIAN EMBASSIES AND MINISTRY OF EXTERNAL AFFAIRS
175.107.5.247,URI TERROR ATTACK &amp; KASHMIR PROTEST THEMED SPEAR PHISHING EMAILS TARGETING INDIAN EMBASSIES AND MINISTRY OF EXTERNAL AFFAIRS
175.107.6.174,URI TERROR ATTACK &amp; KASHMIR PROTEST THEMED SPEAR PHISHING EMAILS TARGETING INDIAN EMBASSIES AND MINISTRY OF EXTERNAL AFFAIRS
39.47.84.127,URI TERROR ATTACK &amp; KASHMIR PROTEST THEMED SPEAR PHISHING EMAILS TARGETING INDIAN EMBASSIES AND MINISTRY OF EXTERNAL AFFAIRS
39.40.67.219,URI TERROR ATTACK &amp; KASHMIR PROTEST THEMED SPEAR PHISHING EMAILS TARGETING INDIAN EMBASSIES AND MINISTRY OF EXTERNAL AFFAIRS
39.47.125.110,URI TERROR ATTACK &amp; KASHMIR PROTEST THEMED SPEAR PHISHING EMAILS TARGETING INDIAN EMBASSIES AND MINISTRY OF EXTERNAL AFFAIRS
39.40.141.25,URI TERROR ATTACK &amp; KASHMIR PROTEST THEMED SPEAR PHISHING EMAILS TARGETING INDIAN EMBASSIES AND MINISTRY OF EXTERNAL AFFAIRS
175.107.7.69,URI TERROR ATTACK &amp; KASHMIR PROTEST THEMED SPEAR PHISHING EMAILS TARGETING INDIAN EMBASSIES AND MINISTRY OF EXTERNAL AFFAIRS
175.107.7.50,URI TERROR ATTACK &amp; KASHMIR PROTEST THEMED SPEAR PHISHING EMAILS TARGETING INDIAN EMBASSIES AND MINISTRY OF EXTERNAL AFFAIRS
119.160.68.178,URI TERROR ATTACK &amp; KASHMIR PROTEST THEMED SPEAR PHISHING EMAILS TARGETING INDIAN EMBASSIES AND MINISTRY OF EXTERNAL AFFAIRS
139.190.6.180,URI TERROR ATTACK &amp; KASHMIR PROTEST THEMED SPEAR PHISHING EMAILS TARGETING INDIAN EMBASSIES AND MINISTRY OF EXTERNAL AFFAIRS
182.191.90.91,URI TERROR ATTACK &amp; KASHMIR PROTEST THEMED SPEAR PHISHING EMAILS TARGETING INDIAN EMBASSIES AND MINISTRY OF EXTERNAL AFFAIRS
175.110.165.110,URI TERROR ATTACK &amp; KASHMIR PROTEST THEMED SPEAR PHISHING EMAILS TARGETING INDIAN EMBASSIES AND MINISTRY OF EXTERNAL AFFAIRS
182.191.90.92,URI TERROR ATTACK &amp; KASHMIR PROTEST THEMED SPEAR PHISHING EMAILS TARGETING INDIAN EMBASSIES AND MINISTRY OF EXTERNAL AFFAIRS
188.165.163.228,Updated Sundown Exploit Kit Uses Steganography
101.200.147.153,Switcher: Android joins the attack-the-router club
112.33.13.11,Switcher: Android joins the attack-the-router club
120.76.249.59,Switcher: Android joins the attack-the-router club
80.233.134.147,TeleBots: Analyzing disruptive KillDisk attacks
95.141.37.3,TeleBots: Analyzing disruptive KillDisk attacks
93.190.137.212,TeleBots: Analyzing disruptive KillDisk attacks
5.45.70.34,Tordow v2.0 Android Malware
85.69.197.19,Nuclear Bot
210.172.213.117,"DRIDEX IN THE SHADOWS - BLACKLISTING, STEALTH, AND CRYPTO-CURRENCY"
87.98.132.57,"DRIDEX IN THE SHADOWS - BLACKLISTING, STEALTH, AND CRYPTO-CURRENCY"
85.214.207.16,"DRIDEX IN THE SHADOWS - BLACKLISTING, STEALTH, AND CRYPTO-CURRENCY"
37.221.210.196,"DRIDEX IN THE SHADOWS - BLACKLISTING, STEALTH, AND CRYPTO-CURRENCY"
58.222.39.215,PluginPhantom: New Android Trojan Abuses &quot;DroidPlugin&quot; Framework
41.208.110.46,Investigating a Libyan Cyber Espionage Campaign Targeting High-Profile Influentials
163.47.20.25,A RAT For The US Presidential Elections
103.25.58.83,A RAT For The US Presidential Elections
89.35.178.112,Windows Troubleshooting Platform Leveraged to Deliver Malware
158.255.5.121,Linux.DDoS.93
